{"cameraMode":{"drawMode":0,"name":"Shaded","section":"Shading Mode"},"sceneLighting":true,"audioPlay":false,"sceneViewState":{"m_AlwaysRefresh":false,"showFog":true,"showSkybox":true,"showFlares":true,"showImageEffects":true,"showParticleSystems":true,"showVisualEffectGraphs":true,"m_FxEnabled":true},"in2DMode":false,"pivot":{"x":1.8942286968231202,"y":5.839147090911865,"z":70.34761047363281},"rotation":{"x":0.02932053618133068,"y":-0.9576539993286133,"z":0.2663879990577698,"w":0.10538624972105026},"size":1.7805856466293336,"orthographic":false}